{
    "video_10.mp4": {
        "avg_fps": 439.0845441230431,
        "avg_detection_time_ms": 236.17857746468513,
        "avg_llm_time_ms": 4583.113431375681,
        "max_detection_time_ms": 131.81757926940918,
        "max_llm_time_ms": 504.8036575317383,
        "min_fps": 7.586241573714511
    }
}